{
    "997_GF2kbBm8nKB_DTEBAHytHt8wdnx1bmdjAAAF.mp4": {
        "rating": 997.2037413374698,
        "win_streak": 2,
        "loss_streak": 0
    },
    "869_n.mp4": {
        "rating": 734.208187577961,
        "win_streak": 0,
        "loss_streak": 6
    },
    "1198_GLZrxRhp2Hj-LeoAAID65DtjfW9UbmdjAAAF.mp4": {
        "rating": 1198.0028228268693,
        "win_streak": 5,
        "loss_streak": 0
    },
    "1000_GPeLTxkbAZg4Nk4FAE6CC56RNPYpbmdjAAAF.mp4": {
        "rating": 1000,
        "win_streak": 0,
        "loss_streak": 0
    },
    "1054_1736941650415.mp4": {
        "rating": 1020.2515645409146,
        "win_streak": 1,
        "loss_streak": 0
    },
    "1002_GLk0HRmOcz_mjjULAONbnh2sBMI_bmdjAAAF.mp4": {
        "rating": 1071.680467339792,
        "win_streak": 4,
        "loss_streak": 0
    }
}